{
    "loss": 2.1671340465545654,
    "accuracy": 0.8283942341804504
}